iso_year,iso_week,ward,syndrome,count,reporting_sites,synthetic
2026,33,Ondera,fever_rash,0,3,true
2026,34,Ondera,fever_rash,1,3,true
2026,35,Ondera,fever_rash,0,3,true
2026,36,Ondera,fever_rash,1,3,true
2026,37,Ondera,fever_rash,0,3,true
2026,38,Ondera,fever_rash,0,3,true
2026,39,Ondera,fever_rash,2,3,true
2026,40,Ondera,fever_rash,7,3,true
2026,33,Ondera,acute_watery_diarrhoea,1,3,true
2026,34,Ondera,acute_watery_diarrhoea,2,3,true
2026,35,Ondera,acute_watery_diarrhoea,1,3,true
2026,36,Ondera,acute_watery_diarrhoea,1,3,true
2026,37,Ondera,acute_watery_diarrhoea,2,3,true
2026,38,Ondera,acute_watery_diarrhoea,1,3,true
2026,39,Ondera,acute_watery_diarrhoea,2,3,true
2026,40,Ondera,acute_watery_diarrhoea,1,3,true
2026,33,Ondera,fever_not_cleared,2,3,true
2026,34,Ondera,fever_not_cleared,1,3,true
2026,35,Ondera,fever_not_cleared,2,3,true
2026,36,Ondera,fever_not_cleared,3,3,true
2026,37,Ondera,fever_not_cleared,2,3,true
2026,38,Ondera,fever_not_cleared,2,3,true
2026,39,Ondera,fever_not_cleared,3,3,true
2026,40,Ondera,fever_not_cleared,2,3,true
2026,33,Ondera,fever_animal_exposure,0,3,true
2026,34,Ondera,fever_animal_exposure,1,3,true
2026,35,Ondera,fever_animal_exposure,1,3,true
2026,36,Ondera,fever_animal_exposure,0,3,true
2026,37,Ondera,fever_animal_exposure,1,3,true
2026,38,Ondera,fever_animal_exposure,0,3,true
2026,39,Ondera,fever_animal_exposure,1,3,true
2026,40,Ondera,fever_animal_exposure,1,3,true
2026,33,Mlima,fever_rash,1,3,true
2026,34,Mlima,fever_rash,0,3,true
2026,35,Mlima,fever_rash,1,3,true
2026,36,Mlima,fever_rash,0,3,true
2026,37,Mlima,fever_rash,0,3,true
2026,38,Mlima,fever_rash,1,3,true
2026,39,Mlima,fever_rash,0,3,true
2026,40,Mlima,fever_rash,0,3,true
2026,33,Mlima,acute_watery_diarrhoea,2,3,true
2026,34,Mlima,acute_watery_diarrhoea,1,3,true
2026,35,Mlima,acute_watery_diarrhoea,1,3,true
2026,36,Mlima,acute_watery_diarrhoea,2,3,true
2026,37,Mlima,acute_watery_diarrhoea,1,3,true
2026,38,Mlima,acute_watery_diarrhoea,2,3,true
2026,39,Mlima,acute_watery_diarrhoea,1,3,true
2026,40,Mlima,acute_watery_diarrhoea,1,3,true
2026,33,Mlima,fever_not_cleared,1,3,true
2026,34,Mlima,fever_not_cleared,2,3,true
2026,35,Mlima,fever_not_cleared,3,3,true
2026,36,Mlima,fever_not_cleared,2,3,true
2026,37,Mlima,fever_not_cleared,2,3,true
2026,38,Mlima,fever_not_cleared,3,3,true
2026,39,Mlima,fever_not_cleared,2,3,true
2026,40,Mlima,fever_not_cleared,2,3,true
2026,33,Mlima,fever_animal_exposure,1,3,true
2026,34,Mlima,fever_animal_exposure,1,3,true
2026,35,Mlima,fever_animal_exposure,0,3,true
2026,36,Mlima,fever_animal_exposure,1,3,true
2026,37,Mlima,fever_animal_exposure,0,3,true
2026,38,Mlima,fever_animal_exposure,1,3,true
2026,39,Mlima,fever_animal_exposure,1,3,true
2026,40,Mlima,fever_animal_exposure,0,3,true
2026,33,Kati,fever_rash,0,3,true
2026,34,Kati,fever_rash,1,3,true
2026,35,Kati,fever_rash,0,3,true
2026,36,Kati,fever_rash,0,3,true
2026,37,Kati,fever_rash,1,3,true
2026,38,Kati,fever_rash,0,3,true
2026,39,Kati,fever_rash,0,3,true
2026,40,Kati,fever_rash,1,3,true
2026,33,Kati,acute_watery_diarrhoea,1,3,true
2026,34,Kati,acute_watery_diarrhoea,1,3,true
2026,35,Kati,acute_watery_diarrhoea,2,3,true
2026,36,Kati,acute_watery_diarrhoea,1,3,true
2026,37,Kati,acute_watery_diarrhoea,2,3,true
2026,38,Kati,acute_watery_diarrhoea,1,3,true
2026,39,Kati,acute_watery_diarrhoea,1,3,true
2026,40,Kati,acute_watery_diarrhoea,2,3,true
2026,33,Kati,fever_not_cleared,2,3,true
2026,34,Kati,fever_not_cleared,3,3,true
2026,35,Kati,fever_not_cleared,2,3,true
2026,36,Kati,fever_not_cleared,2,3,true
2026,37,Kati,fever_not_cleared,3,3,true
2026,38,Kati,fever_not_cleared,2,3,true
2026,39,Kati,fever_not_cleared,2,3,true
2026,40,Kati,fever_not_cleared,1,3,true
2026,33,Kati,fever_animal_exposure,1,3,true
2026,34,Kati,fever_animal_exposure,0,3,true
2026,35,Kati,fever_animal_exposure,1,3,true
2026,36,Kati,fever_animal_exposure,0,3,true
2026,37,Kati,fever_animal_exposure,1,3,true
2026,38,Kati,fever_animal_exposure,1,3,true
2026,39,Kati,fever_animal_exposure,0,3,true
2026,40,Kati,fever_animal_exposure,1,3,true
2026,33,Juu,fever_rash,1,3,true
2026,34,Juu,fever_rash,0,3,true
2026,35,Juu,fever_rash,0,3,true
2026,36,Juu,fever_rash,1,3,true
2026,37,Juu,fever_rash,0,3,true
2026,38,Juu,fever_rash,0,3,true
2026,39,Juu,fever_rash,1,3,true
2026,40,Juu,fever_rash,0,3,true
2026,33,Juu,acute_watery_diarrhoea,1,3,true
2026,34,Juu,acute_watery_diarrhoea,2,3,true
2026,35,Juu,acute_watery_diarrhoea,1,3,true
2026,36,Juu,acute_watery_diarrhoea,2,3,true
2026,37,Juu,acute_watery_diarrhoea,1,3,true
2026,38,Juu,acute_watery_diarrhoea,1,3,true
2026,39,Juu,acute_watery_diarrhoea,2,3,true
2026,40,Juu,acute_watery_diarrhoea,1,3,true
2026,33,Juu,fever_not_cleared,3,3,true
2026,34,Juu,fever_not_cleared,2,3,true
2026,35,Juu,fever_not_cleared,2,3,true
2026,36,Juu,fever_not_cleared,3,3,true
2026,37,Juu,fever_not_cleared,2,3,true
2026,38,Juu,fever_not_cleared,2,3,true
2026,39,Juu,fever_not_cleared,1,3,true
2026,40,Juu,fever_not_cleared,2,3,true
2026,33,Juu,fever_animal_exposure,0,3,true
2026,34,Juu,fever_animal_exposure,1,3,true
2026,35,Juu,fever_animal_exposure,0,3,true
2026,36,Juu,fever_animal_exposure,1,3,true
2026,37,Juu,fever_animal_exposure,1,3,true
2026,38,Juu,fever_animal_exposure,0,3,true
2026,39,Juu,fever_animal_exposure,1,3,true
2026,40,Juu,fever_animal_exposure,1,3,true
